N,T,version,serial_time,parallel_time,block_time,parallel_speedup,block_speedup,serial_memory_MB,parallel_memory_MB,block_memory_MB,correct_parallel,correct_block,blas_mode
500,2000,optimized,0.0830230712890625,0.1000063419342041,0.059859514236450195,0.8301780635440581,1.3869653362223133,203.671875,215.41015625,210.59375,False,True,single
1000,2000,optimized,0.06761837005615234,0.21514678001403809,0.03297567367553711,0.3142894820537882,2.05055310534307,241.203125,272.828125,257.56640625,False,True,single
2000,2000,optimized,0.05541062355041504,0.8339693546295166,0.06922078132629395,0.06644203799914292,0.8004911601505857,292.95703125,440.72265625,417.03515625,False,True,single
4000,2000,optimized,0.1463489532470703,3.8788743019104004,0.15909767150878906,0.03772974885393718,0.919868605613034,498.4296875,1010.86328125,762.671875,False,True,single
8000,2000,optimized,0.5168118476867676,17.15308928489685,0.4305877685546875,0.030129374312871795,1.2002473953719126,1019.7109375,2850.32421875,1996.515625,False,True,single
10000,2000,optimized,0.7365400791168213,27.759780168533325,0.8700132369995117,0.02653263371126098,0.8465849113480036,1362.671875,4220.38671875,2924.30859375,False,True,single
15000,2000,optimized,2.1086409091949463,65.12483954429626,1.8931031227111816,0.032378443063352226,1.1138542237335096,2520.58203125,8756.4765625,5953.67578125,False,True,single
20000,2000,optimized,3.8660454750061035,118.06357288360596,3.2977845668792725,0.0327454555251981,1.172315958366129,4022.6171875,15007.76171875,10126.06640625,False,True,single
