N,T,gpu_full_time,gpu_full_mem,gpu_block_time,gpu_block_mem,block_size,version,dataset
500,2000,0.1645151450065896,18.09716796875,0.0036322809755802155,20.9580078125,1024,optimized,random
1000,2000,0.003699425025843084,32.37841796875,0.003750886069610715,40.00830078125,1024,optimized,random
2000,2000,0.011773274978622794,71.82958984375,0.016049360972829163,91.46337890625,1024,optimized,random
4000,2000,0.06200049398466945,193.62158203125,0.03480834199581295,259.81640625,1024,optimized,random
8000,2000,0.1825831150636077,620.89794921875,0.08679541409946978,867.67919921875,1024,optimized,random
10000,2000,0.19676543294917792,925.22021484375,0.1310144589515403,1309.56494140625,1024,optimized,random
15000,2000,0.6276525889988989,1954.16650390625,0.27763749205041677,2814.16650390625,1024,optimized,random
20000,2000,1.1243262400384992,3365.88427734375,0.472505733021535,4893.01318359375,1024,optimized,random
