N,T,version,serial_time,parallel_time,block_time,parallel_speedup,block_speedup,serial_memory_MB,parallel_memory_MB,block_memory_MB,correct_parallel,correct_block,blas_mode,dataset
500,2000,optimized,0.03919577598571777,0.09006524085998535,0.05825448036193848,0.4351931512252456,0.6728371061280117,204.26171875,215.94921875,213.04296875,False,True,multi,random
1000,2000,optimized,0.03372979164123535,0.2317066192626953,0.03696084022521973,0.14557111811723644,0.9125818416384454,230.84375,262.4609375,262.8828125,False,True,multi,random
2000,2000,optimized,0.0570836067199707,0.8294711112976074,0.054860830307006836,0.06881928248311178,1.0405166382011535,290.0078125,442.52734375,413.984375,False,True,multi,random
4000,2000,optimized,0.1540977954864502,3.8781116008758545,0.15242791175842285,0.039735265857652954,1.0109552358801182,495.2890625,1007.61328125,759.8984375,False,True,multi,random
8000,2000,optimized,0.5385122299194336,17.872105360031128,0.5949413776397705,0.030131437738933276,0.9051517513469973,1016.4609375,2847.19140625,1993.56640625,False,True,multi,random
10000,2000,optimized,0.9890689849853516,28.432121515274048,0.8667359352111816,0.034787027216875564,1.1411422381424203,1359.5390625,4217.24609375,2921.23046875,False,True,multi,random
15000,2000,optimized,2.144878387451172,66.49101948738098,2.0085067749023438,0.032258166651486495,1.0678970139672337,2517.44140625,8753.33984375,5950.57421875,False,True,multi,random
20000,2000,optimized,3.9443745613098145,116.65976095199585,3.2851784229278564,0.033810926142158644,1.2006576366693842,4019.48046875,15004.6328125,10122.953125,False,True,multi,random
