N,T,serial_time,parallel_time,block_time,parallel_speedup,block_speedup,serial_memory_MB,parallel_memory_MB,block_memory_MB,correct_parallel,correct_block
500,2000,0.012137651443481445,0.07596063613891602,0.014809370040893555,0.159788701891388,0.8195926909764147,178.0625,183.3828125,187.3359375,True,True
1000,2000,0.03850722312927246,0.12847352027893066,0.03834080696105957,0.2997288705537833,1.0043404451132683,209.41796875,224.10546875,239.3671875,True,True
2000,2000,0.12282967567443848,0.28850650787353516,0.1764993667602539,0.42574317154842145,0.6959213391472554,264.2265625,329.78515625,375.5625,True,True
4000,2000,0.46794915199279785,0.7105815410614014,0.7668843269348145,0.6585439178363942,0.6101952218311195,394.86328125,612.27734375,734.3515625,True,True
8000,2000,1.8049297332763672,2.0235085487365723,3.2002615928649902,0.8919802856297888,0.5639944363612253,925.26171875,1396.8515625,1885.13671875,True,True
10000,2000,2.7914087772369385,2.8458774089813232,5.072770833969116,0.9808605136776142,0.5502729905606323,1217.64453125,2020.9921875,2783.93359375,True,True
