N,T,serial_time,parallel_time,speedup,serial_memory_MB,parallel_memory_MB,correct
500,2000,0.07635140419006348,0.3562803268432617,0.21430148800680965,205.515625,208.7890625,True
1000,2000,0.11965584754943848,0.40064311027526855,0.2986594414845345,237.7734375,251.7890625,True
2000,2000,0.11608123779296875,0.29727888107299805,0.3904792610022793,331.9296875,389.90234375,True
4000,2000,0.28800463676452637,0.27062368392944336,1.064225542209434,608.6171875,646.6875,True
8000,2000,0.5323946475982666,0.8716394901275635,0.6107968416166542,1098.7578125,1814.00390625,True
10000,2000,0.7356598377227783,1.5942695140838623,0.4614400709691303,1454.2109375,2464.140625,True
