N,T,serial_time,parallel_time,speedup,serial_memory_MB,parallel_memory_MB,correct
500,2000,0.08566617965698242,0.3163759708404541,0.27077334422525784,205.90234375,209.24609375,True
1000,2000,0.05537867546081543,0.3710134029388428,0.14926327464763842,238.67578125,252.24609375,True
2000,2000,0.10381555557250977,0.34580564498901367,0.3002135941875906,316.90234375,374.70703125,True
4000,2000,0.3061041831970215,0.31504011154174805,0.9716355853830937,593.78125,631.6015625,True
