N,T,serial_time,parallel_time,block_time,parallel_speedup,block_speedup,serial_memory_MB,parallel_memory_MB,block_memory_MB,correct_parallel,correct_block
1000,2000,0.03538823127746582,0.13599872589111328,0.037831783294677734,0.26021002068651167,0.9354100757508917,202.48046875,220.38671875,238.61328125,True,True
2000,2000,0.12102079391479492,0.31058812141418457,0.17354226112365723,0.3896504263065738,0.6973563276818306,271.27734375,337.03515625,382.80859375,True,True
4000,2000,0.4528768062591553,0.7190122604370117,0.7346682548522949,0.629859643817338,0.6164371514190526,402.10546875,619.515625,741.58984375,True,True
8000,2000,1.7174439430236816,1.9084234237670898,3.033243179321289,0.8999281404928323,0.5662071391875585,932.50390625,1449.7578125,1938.04296875,True,True
12000,2000,3.804917097091675,3.653850793838501,6.955670356750488,1.0413444094400126,0.5470237808781432,1640.671875,2739.35546875,3837.9921875,True,True
16000,2000,6.84340763092041,6.325036287307739,12.776702642440796,1.0819554734654837,0.53561609927341,2563.77734375,4516.93359375,6470.0625,True,True
20000,2000,10.971790790557861,9.898254871368408,20.742708683013916,1.1084570899760071,0.5289468679441368,3723.47265625,6775.24609375,9827.0078125,True,True
