N,T,version,serial_time,parallel_time,block_time,parallel_speedup,block_speedup,serial_memory_MB,parallel_memory_MB,block_memory_MB,correct_parallel,correct_block,blas_mode,dataset
500,2000,baseline,0.04048657417297363,0.46775364875793457,0.05111980438232422,0.0865553358706683,0.7919939182508442,203.703125,215.28125,212.37109375,True,True,multi,random
1000,2000,baseline,0.0636601448059082,0.6514415740966797,0.06695556640625,0.09772195594698178,0.9507819621695534,237.8046875,270.60546875,271.54296875,True,True,multi,random
2000,2000,baseline,0.05538606643676758,0.6315817832946777,0.07060694694519043,0.08769421142554716,0.7844280036603444,290.49609375,393.4296875,414.40625,True,True,multi,random
4000,2000,baseline,0.14999794960021973,0.8224215507507324,0.17233896255493164,0.1823857235541759,0.8703658614192313,495.71875,804.0703125,795.81640625,True,True,multi,random
8000,2000,baseline,0.5432612895965576,1.7306020259857178,0.8789701461791992,0.31391462707153966,0.6180656896688284,1052.29296875,2078.375,2029.36328125,True,True,multi,random
10000,2000,baseline,1.0101521015167236,2.9610793590545654,1.418076753616333,0.34114320456418035,0.7123395112011157,1395.2265625,3024.1015625,2953.0625,True,True,multi,random
15000,2000,baseline,2.070606231689453,6.036248445510864,3.1557400226593018,0.3430286626504506,0.6561396746315559,2549.29296875,6197.94140625,5982.53515625,True,True,multi,random
20000,2000,baseline,3.8371527194976807,9.78473687171936,5.402147531509399,0.3921569654660955,0.7103013564728677,4051.453125,10398.9765625,10155.0234375,True,True,multi,random
